{"objects": [{"goal_pos": [-1.3075507129750714, 0.8947327528624878, 0.09], "goal_quat": [0.8910195529173206, -0.0, -0.0, -0.4539649285121244], "shape": [0.11, 0.23, 0.08], "start_pos": [0.548138271817963, 0.05734600539882917, 0.09], "start_quat": [0.6616006418897649, -0.0, -0.0, -0.7498563800162342]}, {"goal_pos": [-1.2313330197576013, -0.8301362094116227, 0.235], "goal_quat": [0.23238374607042464, -0.0, -0.0, -0.9726241795073143], "shape": [0.33, 0.13, 0.37], "start_pos": [-0.18580320626018076, -0.9029597905628326, 0.235], "start_quat": [0.7615369146555333, 0.0, 0.0, 0.6481215376894452]}]}