{
    "objects": [
        {
            "shape": [
                0.18,
                0.2,
                0.17
            ],
            "start_pos": [
                -0.003143042483873513,
                -0.4415302836049875,
                0.17697614103403536
            ],
            "start_quat": [
                -0.025502950320984184,
                -0.14680466925255142,
                0.9882266897979793,
                0.03472748452598743
            ],
            "goal_pos": [
                0.9916579438667823,
                0.8801561924639504,
                0.135
            ],
            "goal_quat": [
                0.8785769163423662,
                -0.0,
                -0.0,
                -0.47760088156361147
            ],
            "parent": "a3_pen_tip"
        },
        {
            "shape": [
                0.08,
                0.08,
                0.09
            ],
            "start_pos": [
                -0.3234671766680664,
                0.12693850946075474,
                0.12521410663883203
            ],
            "start_quat": [
                0.9910581003925827,
                -0.08297229496085241,
                0.10401486407094679,
                -0.010017383264971562
            ],
            "goal_pos": [
                -0.9710816241725038,
                -0.07812087674722001,
                0.095
            ],
            "goal_quat": [
                0.5246964224182197,
                0.0,
                0.0,
                0.8512894127742464
            ]
        }
    ]
}