{
    "objects": [
        {
            "shape": [
                0.18,
                0.2,
                0.17
            ],
            "start_pos": [
                0.28304221623460407,
                0.9150638820910166,
                0.1348923513674504
            ],
            "start_quat": [
                -0.6092342517510309,
                -2.1542292362731773e-17,
                2.778530597778503e-17,
                0.7929903066831026
            ],
            "goal_pos": [
                0.9916579438667823,
                0.8801561924639504,
                0.135
            ],
            "goal_quat": [
                0.8785769163423662,
                -0.0,
                -0.0,
                -0.47760088156361147
            ]
        },
        {
            "shape": [
                0.08,
                0.08,
                0.09
            ],
            "start_pos": [
                -0.11774764626269851,
                0.37473782874825146,
                0.08989235136745044
            ],
            "start_quat": [
                -0.12175292884288395,
                0.6965459240553914,
                -0.12175292884288375,
                -0.6965459240553918
            ],
            "goal_pos": [
                -0.9710816241725038,
                -0.07812087674722001,
                0.095
            ],
            "goal_quat": [
                0.5246964224182197,
                0.0,
                0.0,
                0.8512894127742464
            ]
        }
    ]
}