{
    "objects": [
        {
            "shape": [
                0.18,
                0.2,
                0.17
            ],
            "start_pos": [
                0.06223163703271508,
                0.9099412794359402,
                0.13489235136745037
            ],
            "start_quat": [
                -0.9993858587539067,
                -2.1891291324120127e-17,
                -1.473709815830296e-17,
                0.035041480030326415
            ],
            "goal_pos": [
                0.9916579438667823,
                0.8801561924639504,
                0.135
            ],
            "goal_quat": [
                0.8785769163423662,
                -0.0,
                -0.0,
                -0.47760088156361147
            ]
        },
        {
            "shape": [
                0.08,
                0.08,
                0.09
            ],
            "start_pos": [
                0.02981149361094315,
                -0.03258492184375793,
                0.050910365280495085
            ],
            "start_quat": [
                0.05990343818588357,
                0.8337608988248916,
                0.5185751988581737,
                -0.17981686465241412
            ],
            "goal_pos": [
                -0.5485061017950444,
                -0.37711477044155295,
                0.49044783047122287
            ],
            "goal_quat": [
                0.25579987451811204,
                0.7874105456831592,
                -0.5553337848801391,
                -0.0784566384327487
            ],
            "parent": "a0_pen_tip"
        }
    ]
}