{
    "objects": [
        {
            "shape": [
                0.18,
                0.2,
                0.17
            ],
            "start_pos": [
                0.03463219102058299,
                -0.13753918300725065,
                0.1261938200059045
            ],
            "start_quat": [
                0.3848684025841118,
                0.036512497601058694,
                0.0229631026367255,
                0.9219630394590566
            ],
            "goal_pos": [
                0.9916579438667823,
                0.8801561924639504,
                0.135
            ],
            "goal_quat": [
                0.8785769163423662,
                -0.0,
                -0.0,
                -0.47760088156361147
            ],
            "parent": "a3_pen_tip"
        },
        {
            "shape": [
                0.08,
                0.08,
                0.09
            ],
            "start_pos": [
                -0.6463322177292165,
                -0.027521853486418266,
                0.14840440408254457
            ],
            "start_quat": [
                0.8915493394706947,
                -0.1736009887942807,
                0.20392881439723454,
                0.3652608802452767
            ],
            "goal_pos": [
                -0.9710816241725038,
                -0.07812087674722001,
                0.095
            ],
            "goal_quat": [
                0.5246964224182197,
                0.0,
                0.0,
                0.8512894127742464
            ]
        }
    ]
}