{
    "objects": [
        {
            "shape": [
                0.18,
                0.2,
                0.17
            ],
            "start_pos": [
                0.3608227230450509,
                0.06307681890911718,
                0.09625259981368185
            ],
            "start_quat": [
                -0.23812954643618717,
                0.040680718488375026,
                -0.018081980329522872,
                0.970212574771492
            ],
            "goal_pos": [
                0.9916579438667823,
                0.8801561924639504,
                0.135
            ],
            "goal_quat": [
                0.8785769163423662,
                -0.0,
                -0.0,
                -0.47760088156361147
            ],
            "parent": "a3_pen_tip"
        },
        {
            "shape": [
                0.08,
                0.08,
                0.09
            ],
            "start_pos": [
                -0.6624574296192235,
                -0.036416128281067335,
                0.16451679297197713
            ],
            "start_quat": [
                0.8787587612245787,
                -0.17453039789204264,
                0.20054894136499846,
                0.3963613274527016
            ],
            "goal_pos": [
                -0.9710816241725038,
                -0.07812087674722001,
                0.095
            ],
            "goal_quat": [
                0.5246964224182197,
                0.0,
                0.0,
                0.8512894127742464
            ]
        }
    ]
}