{
    "objects": [
        {
            "shape": [
                0.18,
                0.2,
                0.17
            ],
            "start_pos": [
                -0.1893738915327724,
                -0.5638212822873633,
                0.1759715073565314
            ],
            "start_quat": [
                -0.004630029407441261,
                0.8553884025146123,
                -0.5163887989660351,
                -0.040396187612218006
            ],
            "goal_pos": [
                0.9916579438667823,
                0.8801561924639504,
                0.135
            ],
            "goal_quat": [
                0.8785769163423662,
                -0.0,
                -0.0,
                -0.47760088156361147
            ],
            "parent": "a3_pen_tip"
        },
        {
            "shape": [
                0.08,
                0.08,
                0.09
            ],
            "start_pos": [
                -0.3850947650398316,
                0.1185168507346069,
                0.1328727237472698
            ],
            "start_quat": [
                0.9867058826667944,
                -0.09439668676886079,
                0.12106793038993004,
                0.05332281752592346
            ],
            "goal_pos": [
                -0.9710816241725038,
                -0.07812087674722001,
                0.095
            ],
            "goal_quat": [
                0.5246964224182197,
                0.0,
                0.0,
                0.8512894127742464
            ]
        }
    ]
}