{
    "objects": [
        {
            "shape": [
                0.18,
                0.2,
                0.17
            ],
            "start_pos": [
                1.2112916515513616,
                0.7014965544488966,
                0.13489235136745029
            ],
            "start_quat": [
                -0.7550285953868563,
                -2.4661467907628765e-17,
                2.2930753477790643e-17,
                0.6556918637196508
            ],
            "goal_pos": [
                0.9916579438667823,
                0.8801561924639504,
                0.135
            ],
            "goal_quat": [
                0.8785769163423662,
                -0.0,
                -0.0,
                -0.47760088156361147
            ]
        },
        {
            "shape": [
                0.08,
                0.08,
                0.09
            ],
            "start_pos": [
                -1.1953282538341712,
                -0.0028219732226264487,
                0.09489235136745047
            ],
            "start_quat": [
                -0.6523040715371395,
                -2.590532841676464e-17,
                9.224520970256338e-18,
                -0.757957385514562
            ],
            "goal_pos": [
                -0.9710816241725038,
                -0.07812087674722001,
                0.095
            ],
            "goal_quat": [
                0.5246964224182197,
                0.0,
                0.0,
                0.8512894127742464
            ]
        }
    ]
}