{
    "objects": [
        {
            "shape": [
                0.18,
                0.2,
                0.17
            ],
            "start_pos": [
                0.05982331389352752,
                0.15016879053620336,
                0.28112836332280366
            ],
            "start_quat": [
                -0.05763302860846245,
                0.7256728700432556,
                0.6851484074365108,
                0.025475075737140168
            ],
            "goal_pos": [
                0.9916579438667823,
                0.8801561924639504,
                0.135
            ],
            "goal_quat": [
                0.8785769163423662,
                -0.0,
                -0.0,
                -0.47760088156361147
            ],
            "parent": "a3_pen_tip"
        },
        {
            "shape": [
                0.08,
                0.08,
                0.09
            ],
            "start_pos": [
                0.08538950830259698,
                -0.014898096514055895,
                0.0977712440631135
            ],
            "start_quat": [
                0.9003166014061801,
                -0.03673924633740122,
                0.006177377303846708,
                -0.43363819598904213
            ],
            "goal_pos": [
                -0.9710816241725038,
                -0.07812087674722001,
                0.095
            ],
            "goal_quat": [
                0.5246964224182197,
                0.0,
                0.0,
                0.8512894127742464
            ]
        }
    ]
}