{
    "objects": [
        {
            "shape": [
                0.18,
                0.2,
                0.17
            ],
            "start_pos": [
                0.2437877721715409,
                1.1877616121744827,
                0.13489235136745037
            ],
            "start_quat": [
                -0.9561497220721773,
                -3.236637955883564e-17,
                1.0027216849154972e-17,
                0.29287831770429396
            ],
            "goal_pos": [
                0.9916579438667823,
                0.8801561924639504,
                0.135
            ],
            "goal_quat": [
                0.8785769163423662,
                -0.0,
                -0.0,
                -0.47760088156361147
            ]
        },
        {
            "shape": [
                0.08,
                0.08,
                0.09
            ],
            "start_pos": [
                -0.9406608713041139,
                -0.07772474884022304,
                0.09489235133199686
            ],
            "start_quat": [
                0.5576819974542018,
                3.2052041801452155e-13,
                -2.6054657480813007e-13,
                0.8300546907978357
            ],
            "goal_pos": [
                -0.9710816241725038,
                -0.07812087674722001,
                0.095
            ],
            "goal_quat": [
                0.5246964224182197,
                0.0,
                0.0,
                0.8512894127742464
            ]
        }
    ]
}