{
    "objects": [
        {
            "shape": [
                0.18,
                0.2,
                0.17
            ],
            "start_pos": [
                0.0944673133276479,
                0.0017602920973172173,
                0.1254486457966903
            ],
            "start_quat": [
                0.4074969936540491,
                0.6120796205359252,
                -0.37383088186741475,
                0.565292145752743
            ],
            "goal_pos": [
                0.9916579438667823,
                0.8801561924639504,
                0.135
            ],
            "goal_quat": [
                0.8785769163423662,
                -0.0,
                -0.0,
                -0.47760088156361147
            ],
            "parent": "a3_pen_tip"
        },
        {
            "shape": [
                0.08,
                0.08,
                0.09
            ],
            "start_pos": [
                -0.6106293724323344,
                0.008499043278361026,
                0.17660246722485368
            ],
            "start_quat": [
                0.9166314710071918,
                -0.15726288564741148,
                0.1906109986219769,
                0.3142014932513428
            ],
            "goal_pos": [
                -0.9710816241725038,
                -0.07812087674722001,
                0.095
            ],
            "goal_quat": [
                0.5246964224182197,
                0.0,
                0.0,
                0.8512894127742464
            ]
        }
    ]
}