{
    "objects": [
        {
            "shape": [
                0.18,
                0.2,
                0.17
            ],
            "start_pos": [
                0.026309545946343688,
                -0.06005683111571983,
                0.1157810979215963
            ],
            "start_quat": [
                0.31652363880011297,
                0.6657229660542585,
                -0.278076833054812,
                0.615872546446797
            ],
            "goal_pos": [
                0.9916579438667823,
                0.8801561924639504,
                0.135
            ],
            "goal_quat": [
                0.8785769163423662,
                -0.0,
                -0.0,
                -0.47760088156361147
            ],
            "parent": "a3_pen_tip"
        },
        {
            "shape": [
                0.08,
                0.08,
                0.09
            ],
            "start_pos": [
                -0.6624574296192235,
                -0.036416128281067335,
                0.17161199297197605
            ],
            "start_quat": [
                0.8787587612245787,
                -0.17453039789204264,
                0.20054894136499846,
                0.3963613274527016
            ],
            "goal_pos": [
                -0.9710816241725038,
                -0.07812087674722001,
                0.095
            ],
            "goal_quat": [
                0.5246964224182197,
                0.0,
                0.0,
                0.8512894127742464
            ]
        }
    ]
}