{
    "objects": [
        {
            "shape": [
                0.26,
                0.2,
                0.39
            ],
            "start_pos": [
                0.6546662955116617,
                -0.5775347937152902,
                0.2908820998728396
            ],
            "start_quat": [
                0.9947735276836621,
                -0.0010523947701852297,
                0.03438113779640317,
                0.09613770565639139
            ],
            "goal_pos": [
                0.668642774989575,
                -0.6085915500960126,
                0.245
            ],
            "goal_quat": [
                0.9907728115057326,
                0.0,
                0.0,
                0.13553315454539577
            ]
        },
        {
            "shape": [
                0.36,
                0.13,
                0.22
            ],
            "start_pos": [
                0.20567789178413332,
                -0.4627724786862776,
                0.18398510772433435
            ],
            "start_quat": [
                0.9181723997804727,
                0.0019088641998430856,
                0.002257828222646992,
                0.39617004269701195
            ],
            "goal_pos": [
                -0.19467103796522575,
                -0.32334832649240175,
                0.16
            ],
            "goal_quat": [
                0.8735526474186323,
                0.0,
                0.0,
                0.48672967054402877
            ]
        }
    ]
}