{
    "objects": [
        {
            "shape": [
                0.26,
                0.2,
                0.39
            ],
            "start_pos": [
                -0.5359860456596122,
                -0.5819862851099491,
                0.26978469236248276
            ],
            "start_quat": [
                0.9904574501107537,
                4.4134140785014767e-17,
                -4.670612912270632e-18,
                -0.13781886489194345
            ],
            "goal_pos": [
                0.668642774989575,
                -0.6085915500960126,
                0.245
            ],
            "goal_quat": [
                0.9907728115057326,
                0.0,
                0.0,
                0.13553315454539577
            ]
        },
        {
            "shape": [
                0.36,
                0.13,
                0.22
            ],
            "start_pos": [
                0.21152321845840236,
                -0.4404816297676816,
                0.18478464444732307
            ],
            "start_quat": [
                0.9556310497205391,
                3.9252084566077796e-08,
                1.1439677509917196e-07,
                0.2945662859357932
            ],
            "goal_pos": [
                -0.19467103796522575,
                -0.32334832649240175,
                0.16
            ],
            "goal_quat": [
                0.8735526474186323,
                0.0,
                0.0,
                0.48672967054402877
            ]
        }
    ]
}