{
    "objects": [
        {
            "shape": [
                0.07,
                0.26,
                0.37
            ],
            "start_pos": [
                -0.0027986990515232006,
                0.128392217644555,
                0.13651818358446252
            ],
            "start_quat": [
                0.2577834537053016,
                0.9270563996895843,
                -0.18737059116676863,
                0.1975003401419044
            ],
            "goal_pos": [
                -0.22274618936800356,
                -0.43760753945779907,
                0.235
            ],
            "goal_quat": [
                0.30805480216679393,
                0.0,
                0.0,
                0.95136861355732
            ],
            "parent": "a1_pen_tip"
        },
        {
            "shape": [
                0.27,
                0.26,
                0.29
            ],
            "start_pos": [
                -0.5572259999773779,
                -0.3791087047581405,
                0.21976413900083064
            ],
            "start_quat": [
                -0.6627505804617596,
                1.3696327279940569e-05,
                3.911001064803684e-05,
                0.7488402141848542
            ],
            "goal_pos": [
                -0.5653611330621171,
                -0.5166224561632834,
                0.195
            ],
            "goal_quat": [
                0.6941712321287078,
                -0.0,
                -0.0,
                -0.7198099057979903
            ]
        }
    ]
}