{
    "objects": [
        {
            "shape": [
                0.19,
                0.23,
                0.19
            ],
            "start_pos": [
                -0.5265007058826522,
                -0.3942374629792009,
                0.1697673066879853
            ],
            "start_quat": [
                -0.21401181428330182,
                0.6738711288718053,
                0.21396085938532786,
                0.674030708255418
            ],
            "goal_pos": [
                0.7456646430340853,
                -0.68093120314005,
                0.14500000000000002
            ],
            "goal_quat": [
                0.9413628431141878,
                -0.0,
                -0.0,
                -0.33739590632367344
            ]
        },
        {
            "shape": [
                0.3,
                0.11,
                0.22
            ],
            "start_pos": [
                0.10822371,
                -0.27920048,
                0.16755666
            ],
            "start_quat": [
                -0.27795467,
                -0.0239903,
                0.00129052,
                0.9602937
            ],
            "goal_pos": [
                -0.3805677546326518,
                -0.3293493163506531,
                0.16
            ],
            "goal_quat": [
                0.10066103263991066,
                0.0,
                0.0,
                0.994920779011006
            ]
        }
    ]
}