{
    "objects": [
        {
            "shape": [
                0.07,
                0.31,
                0.16
            ],
            "start_pos": [
                0.23478860157766387,
                0.05061713757923168,
                0.12989234704619604
            ],
            "start_quat": [
                -0.7197321822113859,
                5.987168184079934e-09,
                -6.206908666193952e-09,
                -0.6942518173467287
            ],
            "goal_pos": [
                -0.079317100278267,
                0.6200636906872214,
                0.13
            ],
            "goal_quat": [
                0.5732894887646278,
                0.0,
                0.0,
                0.8193528922704745
            ]
        },
        {
            "shape": [
                0.26,
                0.29,
                0.07
            ],
            "start_pos": [
                0.21461449603648383,
                0.969903726181365,
                0.08489235136745046
            ],
            "start_quat": [
                0.8667070915307876,
                1.249043689362502e-17,
                -6.955214353171578e-18,
                -0.49881741899240334
            ],
            "goal_pos": [
                0.6183330097328453,
                0.9456254701471705,
                0.085
            ],
            "goal_quat": [
                0.8303917196601004,
                -0.0,
                -0.0,
                -0.5571800354642485
            ]
        },
        {
            "shape": [
                0.11,
                0.24,
                0.38
            ],
            "start_pos": [
                0.6211454667552859,
                -1.574227390875044,
                0.23989235136745002
            ],
            "start_quat": [
                -0.7798119390812311,
                -6.294097062568326e-17,
                -6.604376433787101e-17,
                0.6260138494205769
            ],
            "goal_pos": [
                1.1179854196454224,
                -1.3306988711390395,
                0.24
            ],
            "goal_quat": [
                0.26368264177491185,
                -0.0,
                -0.0,
                -0.9646094880450863
            ]
        }
    ]
}