{
    "objects": [
        {
            "shape": [
                0.07,
                0.31,
                0.16
            ],
            "start_pos": [
                -0.7940023349925004,
                0.38055031606354534,
                0.08489235136745052
            ],
            "start_quat": [
                0.2096623702252482,
                -0.6753085890994818,
                0.20966237022524814,
                0.6753085890994803
            ],
            "goal_pos": [
                -0.079317100278267,
                0.6200636906872214,
                0.13
            ],
            "goal_quat": [
                0.5732894887646278,
                0.0,
                0.0,
                0.8193528922704745
            ]
        },
        {
            "shape": [
                0.26,
                0.29,
                0.07
            ],
            "start_pos": [
                0.784918242618182,
                0.9726102748749632,
                0.08489235136745046
            ],
            "start_quat": [
                0.7092042056920461,
                1.108323121602379e-17,
                -9.624693700659378e-18,
                -0.7050031167510638
            ],
            "goal_pos": [
                0.6183330097328453,
                0.9456254701471705,
                0.085
            ],
            "goal_quat": [
                0.8303917196601004,
                -0.0,
                -0.0,
                -0.5571800354642485
            ]
        },
        {
            "shape": [
                0.11,
                0.24,
                0.38
            ],
            "start_pos": [
                0.8979124196899947,
                -1.5095348312147094,
                0.23989235136745068
            ],
            "start_quat": [
                -0.3205252221182787,
                -1.8745731442275026e-17,
                5.396279680415327e-17,
                0.9472399812011886
            ],
            "goal_pos": [
                1.1179854196454224,
                -1.3306988711390395,
                0.24
            ],
            "goal_quat": [
                0.26368264177491185,
                -0.0,
                -0.0,
                -0.9646094880450863
            ]
        }
    ]
}