{
    "objects": [
        {
            "shape": [
                0.07,
                0.31,
                0.16
            ],
            "start_pos": [
                1.1203879489631874,
                0.5856366390682145,
                0.08489235136334658
            ],
            "start_quat": [
                -0.6977668797468918,
                0.11454859906756902,
                0.6977668797173522,
                0.11454859907242253
            ],
            "goal_pos": [
                -0.079317100278267,
                0.6200636906872214,
                0.13
            ],
            "goal_quat": [
                0.5732894887646278,
                0.0,
                0.0,
                0.8193528922704745
            ]
        },
        {
            "shape": [
                0.26,
                0.29,
                0.07
            ],
            "start_pos": [
                0.46751339662792474,
                1.2242054541757046,
                0.0848923513674505
            ],
            "start_quat": [
                0.8537637498679098,
                1.2638799065543494e-17,
                -1.4670838679788267e-17,
                -0.5206605990580466
            ],
            "goal_pos": [
                0.6183330097328453,
                0.9456254701471705,
                0.085
            ],
            "goal_quat": [
                0.8303917196601004,
                -0.0,
                -0.0,
                -0.5571800354642485
            ]
        },
        {
            "shape": [
                0.11,
                0.24,
                0.38
            ],
            "start_pos": [
                0.25573501074297283,
                -1.4668194344284704,
                0.23989235136745007
            ],
            "start_quat": [
                -0.6849998841883164,
                -1.734842525495859e-15,
                -1.636555841242377e-15,
                0.7285431755647649
            ],
            "goal_pos": [
                1.1179854196454224,
                -1.3306988711390395,
                0.24
            ],
            "goal_quat": [
                0.26368264177491185,
                -0.0,
                -0.0,
                -0.9646094880450863
            ]
        }
    ]
}