{
    "objects": [
        {
            "shape": [
                0.07,
                0.31,
                0.16
            ],
            "start_pos": [
                0.01231717871101174,
                0.1548460341901784,
                0.04959398136869153
            ],
            "start_quat": [
                -0.11292514793557024,
                -0.07189527750698564,
                0.9909969075819275,
                0.0020271159265971357
            ],
            "goal_pos": [
                -0.079317100278267,
                0.6200636906872214,
                0.13
            ],
            "goal_quat": [
                0.5732894887646278,
                0.0,
                0.0,
                0.8193528922704745
            ],
            "parent": "a2_pen_tip"
        },
        {
            "shape": [
                0.26,
                0.29,
                0.07
            ],
            "start_pos": [
                0.10438368646659066,
                0.1563431575474917,
                -0.009678572613241176
            ],
            "start_quat": [
                -0.22606515778167477,
                -0.07772477206407515,
                0.9668320372096055,
                0.08994006932317844
            ],
            "goal_pos": [
                0.6183330097328453,
                0.9456254701471705,
                0.085
            ],
            "goal_quat": [
                0.8303917196601004,
                -0.0,
                -0.0,
                -0.5571800354642485
            ],
            "parent": "a3_pen_tip"
        },
        {
            "shape": [
                0.11,
                0.24,
                0.38
            ],
            "start_pos": [
                -0.1415769522464539,
                -1.093811089393955,
                0.10489235136745038
            ],
            "start_quat": [
                0.38541796723568406,
                -0.592834707597246,
                0.38541796723568345,
                0.5928347075972472
            ],
            "goal_pos": [
                1.1179854196454224,
                -1.3306988711390395,
                0.24
            ],
            "goal_quat": [
                0.26368264177491185,
                -0.0,
                -0.0,
                -0.9646094880450863
            ]
        }
    ]
}