{
    "objects": [
        {
            "shape": [
                0.07,
                0.31,
                0.16
            ],
            "start_pos": [
                0.09621856250654931,
                0.12417561226989485,
                0.056076091200989525
            ],
            "start_quat": [
                -0.11363167991012985,
                0.17976221986557833,
                0.9769856209191067,
                0.016507033261882336
            ],
            "goal_pos": [
                -0.079317100278267,
                0.6200636906872214,
                0.13
            ],
            "goal_quat": [
                0.5732894887646278,
                0.0,
                0.0,
                0.8193528922704745
            ],
            "parent": "a2_pen_tip"
        },
        {
            "shape": [
                0.26,
                0.29,
                0.07
            ],
            "start_pos": [
                0.4069758683180139,
                1.0367065742163242,
                0.08489235136745045
            ],
            "start_quat": [
                0.8622878333834906,
                1.049319405909708e-17,
                -6.413250711970782e-18,
                -0.5064184953166747
            ],
            "goal_pos": [
                0.6183330097328453,
                0.9456254701471705,
                0.085
            ],
            "goal_quat": [
                0.8303917196601004,
                -0.0,
                -0.0,
                -0.5571800354642485
            ]
        },
        {
            "shape": [
                0.11,
                0.24,
                0.38
            ],
            "start_pos": [
                0.07042779446684441,
                0.048140333972477224,
                0.1817441860901109
            ],
            "start_quat": [
                0.13867325923594231,
                0.5123381259490384,
                0.8425567330858821,
                -0.09152881187666717
            ],
            "goal_pos": [
                1.1179854196454224,
                -1.3306988711390395,
                0.24
            ],
            "goal_quat": [
                0.26368264177491185,
                -0.0,
                -0.0,
                -0.9646094880450863
            ],
            "parent": "a0_pen_tip"
        }
    ]
}