{
    "objects": [
        {
            "shape": [
                0.07,
                0.31,
                0.16
            ],
            "start_pos": [
                0.27424316675975097,
                -0.7306458515736456,
                0.08489235136463558
            ],
            "start_quat": [
                -0.08182549040290872,
                -0.7023564544577889,
                0.08182549040260588,
                -0.7023564544603977
            ],
            "goal_pos": [
                -0.079317100278267,
                0.6200636906872214,
                0.13
            ],
            "goal_quat": [
                0.5732894887646278,
                0.0,
                0.0,
                0.8193528922704745
            ]
        },
        {
            "shape": [
                0.26,
                0.29,
                0.07
            ],
            "start_pos": [
                0.10957341815955154,
                0.15364993122108367,
                -0.00522254724809007
            ],
            "start_quat": [
                -0.22517077998262855,
                -0.06822191950270072,
                0.9675489684470563,
                0.09215684021503244
            ],
            "goal_pos": [
                0.6183330097328453,
                0.9456254701471705,
                0.085
            ],
            "goal_quat": [
                0.8303917196601004,
                -0.0,
                -0.0,
                -0.5571800354642485
            ],
            "parent": "a3_pen_tip"
        },
        {
            "shape": [
                0.11,
                0.24,
                0.38
            ],
            "start_pos": [
                0.06001382263283306,
                0.06047357554745346,
                0.1819584803086401
            ],
            "start_quat": [
                0.14663228927889357,
                0.4312365066383373,
                0.8868071494929769,
                -0.0781481074072505
            ],
            "goal_pos": [
                1.1179854196454224,
                -1.3306988711390395,
                0.24
            ],
            "goal_quat": [
                0.26368264177491185,
                -0.0,
                -0.0,
                -0.9646094880450863
            ],
            "parent": "a0_pen_tip"
        }
    ]
}