{
    "objects": [
        {
            "shape": [
                0.07,
                0.31,
                0.16
            ],
            "start_pos": [
                0.0945015479790753,
                0.12464334212706757,
                0.0446101703861069
            ],
            "start_quat": [
                -0.11363167991012985,
                0.17976221986557833,
                0.9769856209191067,
                0.016507033261882336
            ],
            "goal_pos": [
                -0.079317100278267,
                0.6200636906872214,
                0.13
            ],
            "goal_quat": [
                0.5732894887646278,
                0.0,
                0.0,
                0.8193528922704745
            ],
            "parent": "a2_pen_tip"
        },
        {
            "shape": [
                0.26,
                0.29,
                0.07
            ],
            "start_pos": [
                0.12378415882341015,
                0.14077794966185023,
                -0.01600339822834561
            ],
            "start_quat": [
                -0.21884998124598035,
                -0.0065019784089063,
                0.96992905849926,
                0.10630160612212346
            ],
            "goal_pos": [
                0.6183330097328453,
                0.9456254701471705,
                0.085
            ],
            "goal_quat": [
                0.8303917196601004,
                -0.0,
                -0.0,
                -0.5571800354642485
            ],
            "parent": "a3_pen_tip"
        },
        {
            "shape": [
                0.11,
                0.24,
                0.38
            ],
            "start_pos": [
                0.623466284383016,
                -1.5737060161767618,
                0.2398923505583147
            ],
            "start_quat": [
                -0.06252807192721577,
                -4.964741895052984e-08,
                -3.1103853261011315e-09,
                0.9980432055883474
            ],
            "goal_pos": [
                1.1179854196454224,
                -1.3306988711390395,
                0.24
            ],
            "goal_quat": [
                0.26368264177491185,
                -0.0,
                -0.0,
                -0.9646094880450863
            ]
        }
    ]
}