{
    "objects": [
        {
            "shape": [
                0.03,
                0.3,
                0.05
            ],
            "start_pos": [
                -0.15046009507896257,
                -0.03597096245150908,
                0.0691140471826274
            ],
            "start_quat": [
                0.036349553887718135,
                0.7357050083314552,
                0.6763004368454172,
                -0.00587960635375663
            ],
            "goal_pos": [
                -0.8688047460465901,
                -0.5441908734783458,
                0.07500000000000001
            ],
            "goal_quat": [
                0.6609799477420462,
                0.0,
                0.0,
                0.7504035638794114
            ],
            "parent": "a0_pen_tip"
        },
        {
            "shape": [
                0.03,
                0.3,
                0.05
            ],
            "start_pos": [
                -0.15102390829111015,
                -0.8786752435236407,
                0.08655417273404964
            ],
            "start_quat": [
                0.9998425752539251,
                0.004046013103348596,
                -0.00819251458110831,
                0.015209772924184321
            ],
            "goal_pos": [
                -0.18451460722562452,
                -0.8851015854841782,
                0.07500000000000001
            ],
            "goal_quat": [
                0.9999354634942794,
                -0.0,
                -0.0,
                -0.011360847084639922
            ]
        },
        {
            "shape": [
                0.03,
                0.3,
                0.05
            ],
            "start_pos": [
                1.0508016562588558,
                -0.36365764657987426,
                0.09162018954680307
            ],
            "start_quat": [
                -0.30816114489078605,
                0.027343290092221167,
                -0.00658488175958784,
                -0.9509183417090791
            ],
            "goal_pos": [
                1.039047329953659,
                -0.3249754140871883,
                0.07500000000000001
            ],
            "goal_quat": [
                0.2903235126253824,
                0.0,
                0.0,
                0.9569285542906845
            ]
        }
    ]
}