{
    "objects": [
        {
            "shape": [
                0.03,
                0.3,
                0.05
            ],
            "start_pos": [
                0.08287570756580752,
                -0.9992955439656049,
                0.06489235136745049
            ],
            "start_quat": [
                0.7054068896525124,
                0.04900122478843281,
                -0.7054068896525135,
                0.049001224788432836
            ],
            "goal_pos": [
                -0.2696112547664963,
                -0.812730562214194,
                0.07500000000000001
            ],
            "goal_quat": [
                0.996227003599696,
                -0.0,
                -0.0,
                -0.0867856975472998
            ]
        },
        {
            "shape": [
                0.03,
                0.3,
                0.05
            ],
            "start_pos": [
                -0.05981543507761201,
                -1.0308679256125863,
                0.07489235136745052
            ],
            "start_quat": [
                0.9127849084204185,
                1.4608609932054057e-17,
                7.843090634818766e-18,
                0.4084405843692922
            ],
            "goal_pos": [
                0.1501356741577309,
                -0.7769793108936338,
                0.07500000000000001
            ],
            "goal_quat": [
                0.9845177942137874,
                0.0,
                0.0,
                0.17528466241065874
            ]
        },
        {
            "shape": [
                0.03,
                0.3,
                0.05
            ],
            "start_pos": [
                -0.1926463184524076,
                -0.6572579177594097,
                0.0648923513674505
            ],
            "start_quat": [
                0.09693921120192259,
                -0.7004304314716403,
                -0.0969392112019225,
                -0.700430431471641
            ],
            "goal_pos": [
                -0.860180330797117,
                -0.8035685258445742,
                0.07500000000000001
            ],
            "goal_quat": [
                0.5600403907788977,
                0.0,
                0.0,
                0.8284653044613393
            ]
        }
    ]
}