{
    "objects": [
        {
            "shape": [
                0.03,
                0.3,
                0.05
            ],
            "start_pos": [
                0.9478299526630264,
                0.14881269664400934,
                0.07700964828202612
            ],
            "start_quat": [
                0.9717056549994448,
                0.019151607269279895,
                0.08487823458704029,
                -0.2195837454696745
            ],
            "goal_pos": [
                0.8145544347665697,
                -0.8418706513249743,
                0.07500000000000001
            ],
            "goal_quat": [
                0.764953019424897,
                -0.0,
                -0.0,
                -0.6440860797073115
            ]
        },
        {
            "shape": [
                0.03,
                0.3,
                0.05
            ],
            "start_pos": [
                0.04443803331166429,
                -0.13826964783910342,
                0.07805228281920676
            ],
            "start_quat": [
                0.08589937862508555,
                0.9904026499470477,
                0.09839337464628739,
                0.04519548158173913
            ],
            "goal_pos": [
                -1.0483394609122185,
                -0.38049881408545727,
                0.07500000000000001
            ],
            "goal_quat": [
                0.08052927074641911,
                0.0,
                0.0,
                0.9967522443180401
            ],
            "parent": "a0_pen_tip"
        },
        {
            "shape": [
                0.03,
                0.3,
                0.05
            ],
            "start_pos": [
                -0.018837020517793977,
                0.2725861080589779,
                0.18190959999999995
            ],
            "start_quat": [
                0.10121616381239286,
                0.0,
                0.0,
                -0.9948644571915829
            ],
            "goal_pos": [
                -0.16381674567318538,
                -0.8974188961576626,
                0.07500000000000001
            ],
            "goal_quat": [
                0.5809252994074094,
                -0.0,
                -0.0,
                -0.8139568763198771
            ]
        },
        {
            "shape": [
                0.03,
                0.3,
                0.05
            ],
            "start_pos": [
                0.2514066724561003,
                -0.8436738812724214,
                0.14260253762762928
            ],
            "start_quat": [
                -0.8010339138413448,
                0.006963827983469778,
                -0.0036493495845830023,
                -0.5985673364154136
            ],
            "goal_pos": [
                0.23819395567365478,
                -0.86086326139612,
                0.07500000000000001
            ],
            "goal_quat": [
                0.7991252009049286,
                0.0,
                0.0,
                0.601164630761539
            ]
        }
    ]
}