{
    "robots": [
        {
            "base_pos": [
                -0.5,
                -0.4,
                0.0
            ],
            "base_quat": [
                1.0,
                0.0,
                0.0,
                0.0
            ],
            "type": "ur5_vacuum",
            "start_pose": [
                -5.225350732970482e-08,
                0.49502271718333707,
                -1.1880315907566135,
                -1.1935097037611785e-05,
                1.5543000661336088,
                1.5542999277153742
            ]
        },
        {
            "base_pos": [
                0.6,
                -0.4,
                0.0
            ],
            "base_quat": [
                0.0,
                0.0,
                0.0,
                1.0
            ],
            "type": "ur5_vacuum",
            "start_pose": [
                1.0644483772315152e-06,
                0.4950171925103554,
                -1.1880337975202488,
                -1.2999788304481112e-05,
                1.5543000734184222,
                1.5542999276960496
            ]
        },
        {
            "base_pos": [
                -0.5,
                0.4,
                0.0
            ],
            "base_quat": [
                1.0,
                0.0,
                0.0,
                0.0
            ],
            "type": "ur5_vacuum",
            "start_pose": [
                -3.501476116661025e-05,
                0.4952177141445473,
                -1.187955415365209,
                2.4299226661194536e-05,
                1.5542951926653004,
                -4.666065240100946
            ]
        },
        {
            "base_pos": [
                0.6,
                0.4,
                0.0
            ],
            "base_quat": [
                0.0,
                0.0,
                0.0,
                1.0
            ],
            "type": "ur5_vacuum",
            "start_pose": [
                1.150448727675309e-06,
                0.4950167670383132,
                -1.1880339674635119,
                -1.3081779921534325e-05,
                1.5543000739792725,
                1.5542999276945628
            ]
        }
    ]
}