{
    "robots": [
        {
            "base_pos": [
                0.6598434875933261,
                -0.9163550373007783,
                0.0
            ],
            "base_quat": [
                6.123233995736766e-17,
                0.0,
                0.0,
                1.0
            ],
            "type": "ur5_vacuum",
            "start_pose": [
                1.7349973931963547,
                -0.08388479613335391,
                -1.4839365385182484,
                0.16449966559918214,
                1.8292360218888997,
                1.3363362310935292
            ]
        },
        {
            "base_pos": [
                -0.6022929315226149,
                0.9240593326658415,
                0.0
            ],
            "base_quat": [
                1.0,
                0.0,
                0.0,
                0.0
            ],
            "type": "ur5_vacuum",
            "start_pose": [
                -0.14270857308786944,
                -0.38777583510416846,
                -1.3766555446241497,
                0.5052719052339949,
                1.4271306752587236,
                1.8442704990295482
            ]
        },
        {
            "base_pos": [
                -0.5556239851561715,
                -0.3118939242859937,
                0.0
            ],
            "base_quat": [
                1.0,
                0.0,
                0.0,
                0.0
            ],
            "type": "ur5_vacuum",
            "start_pose": [
                0.20478543411368033,
                -0.39901897977726236,
                -1.5530678899499295,
                0.22918196406503574,
                1.547633157935179,
                1.5710380647114892
            ]
        },
        {
            "base_pos": [
                0.4980734290854602,
                0.3041896289209305,
                0.0
            ],
            "base_quat": [
                6.123233995736766e-17,
                0.0,
                0.0,
                1.0
            ],
            "type": "ur5_vacuum",
            "start_pose": [
                -0.7568044638857359,
                -0.4613002191799587,
                -1.642646299481914,
                0.10834623837570785,
                1.4370257834928202,
                1.5771251524056769
            ]
        }
    ]
}