{
    "robots": [
        {
            "base_pos": [
                0.6598434875933261,
                -0.9163550373007783,
                0.0
            ],
            "base_quat": [
                6.123233995736766e-17,
                0.0,
                0.0,
                1.0
            ],
            "type": "ur5_vacuum",
            "start_pose": [
                1.6707849446621663,
                -0.08961341510069873,
                -1.4772115534894552,
                0.16704733360926008,
                1.8249245722967389,
                1.3538693239213226
            ]
        },
        {
            "base_pos": [
                -0.6022929315226149,
                0.9240593326658415,
                0.0
            ],
            "base_quat": [
                1.0,
                0.0,
                0.0,
                0.0
            ],
            "type": "ur5_vacuum",
            "start_pose": [
                -0.12242908382182982,
                -0.38736341464428925,
                -1.3737672428695493,
                0.5167416919386927,
                1.4155329673928065,
                1.8284500401142658
            ]
        },
        {
            "base_pos": [
                -0.5556239851561715,
                -0.3118939242859937,
                0.0
            ],
            "base_quat": [
                1.0,
                0.0,
                0.0,
                0.0
            ],
            "type": "ur5_vacuum",
            "start_pose": [
                0.13350395726821734,
                -0.39756332764581837,
                -1.5565714730557385,
                0.2299698704835035,
                1.5571038260154095,
                1.6202025823533714
            ]
        },
        {
            "base_pos": [
                0.4980734290854602,
                0.3041896289209305,
                0.0
            ],
            "base_quat": [
                6.123233995736766e-17,
                0.0,
                0.0,
                1.0
            ],
            "type": "ur5_vacuum",
            "start_pose": [
                -0.7226422628984188,
                -0.47412380251460706,
                -1.621246570042174,
                0.09733785945468068,
                1.4447393308777996,
                1.591058040930317
            ]
        }
    ]
}