{
    "robots": [
        {
            "base_pos": [
                0.6598434875933261,
                -0.9163550373007783,
                0.0
            ],
            "base_quat": [
                6.123233995736766e-17,
                0.0,
                0.0,
                1.0
            ],
            "type": "ur5_vacuum",
            "start_pose": [
                0.8424684801214034,
                -0.16351045934883382,
                -1.390461755089989,
                0.1999113123540482,
                1.7693084949676607,
                1.580039640489644
            ]
        },
        {
            "base_pos": [
                -0.6022929315226149,
                0.9240593326658415,
                0.0
            ],
            "base_quat": [
                1.0,
                0.0,
                0.0,
                0.0
            ],
            "type": "ur5_vacuum",
            "start_pose": [
                0.05889812972252528,
                -0.41127300586535753,
                -1.3544444734524177,
                0.5690068440277685,
                1.3078575427651593,
                1.615607019990005
            ]
        },
        {
            "base_pos": [
                -0.5556239851561715,
                -0.3118939242859937,
                0.0
            ],
            "base_quat": [
                1.0,
                0.0,
                0.0,
                0.0
            ],
            "type": "ur5_vacuum",
            "start_pose": [
                -0.6662873719845799,
                -0.38123062715473005,
                -1.5958823014857464,
                0.23881030372715467,
                1.6633664547281903,
                2.1718375624789457
            ]
        },
        {
            "base_pos": [
                0.4980734290854602,
                0.3041896289209305,
                0.0
            ],
            "base_quat": [
                6.123233995736766e-17,
                0.0,
                0.0,
                1.0
            ],
            "type": "ur5_vacuum",
            "start_pose": [
                -0.36213736744547714,
                -0.610456441400577,
                -1.3961757587420838,
                -0.018879141590610046,
                1.5262444463944085,
                1.7380882435705916
            ]
        }
    ]
}