{
    "robots": [
        {
            "base_pos": [
                0.6598434875933261,
                -0.9163550373007783,
                0.0
            ],
            "base_quat": [
                6.123233995736766e-17,
                0.0,
                0.0,
                1.0
            ],
            "type": "ur5_vacuum"
        },
        {
            "base_pos": [
                -0.6022929315226149,
                0.9240593326658415,
                0.0
            ],
            "base_quat": [
                1.0,
                0.0,
                0.0,
                0.0
            ],
            "type": "ur5_vacuum"
        },
        {
            "base_pos": [
                -0.5556239851561715,
                -0.3118939242859937,
                0.0
            ],
            "base_quat": [
                1.0,
                0.0,
                0.0,
                0.0
            ],
            "type": "ur5_vacuum"
        },
        {
            "base_pos": [
                0.4980734290854602,
                0.3041896289209305,
                0.0
            ],
            "base_quat": [
                6.123233995736766e-17,
                0.0,
                0.0,
                1.0
            ],
            "type": "ur5_vacuum"
        }
    ]
}