{
    "robots": [
        {
            "base_pos": [
                -0.4,
                -0.3,
                0.0
            ],
            "base_quat": [
                1.0,
                0.0,
                0.0,
                1.0
            ],
            "type": "ur5_gripper",
            "start_pose": [
                -2.0734898698612563,
                0.12461561427203982,
                -1.1793354710150865,
                -0.11308228009798782,
                1.1580280503327387,
                2.9958287609528114
            ]
        },
        {
            "base_pos": [
                0.4,
                -0.3,
                0.0
            ],
            "base_quat": [
                1.0,
                0.0,
                0.0,
                1.0
            ],
            "type": "ur5_gripper",
            "start_pose": [
                2.2323292040122666,
                0.0471735868606995,
                -1.3990372889352258,
                0.3334058962677666,
                2.1894964301337936,
                1.350432411933033
            ]
        }
    ]
}