{
    "robots": [
        {
            "base_pos": [
                -0.4,
                -0.3,
                0.0
            ],
            "base_quat": [
                1.0,
                0.0,
                0.0,
                1.0
            ],
            "type": "ur5_gripper",
            "start_pose": [
                1.2728173123692867,
                -0.19231931334767396,
                -1.5994554953970648,
                0.4309101093371839,
                1.6349724179368432,
                0.36785188864536333
            ]
        },
        {
            "base_pos": [
                0.4,
                -0.3,
                0.0
            ],
            "base_quat": [
                1.0,
                0.0,
                0.0,
                1.0
            ],
            "type": "ur5_gripper",
            "start_pose": [
                -0.30915015211850516,
                -0.23898427956283008,
                -1.801705337983588,
                0.3339018568066372,
                1.4611837205265026,
                1.4686579613438138
            ]
        }
    ]
}