{
    "robots": [
        {
            "base_pos": [
                -0.4,
                -0.3,
                0.0
            ],
            "base_quat": [
                1.0,
                0.0,
                0.0,
                1.0
            ],
            "type": "ur5_gripper",
            "start_pose": [
                1.1712755808696798,
                -0.10261969061965102,
                -1.5427842904862876,
                0.35974388731190515,
                1.5960100847733634,
                0.3853752974507977
            ]
        },
        {
            "base_pos": [
                0.4,
                -0.3,
                0.0
            ],
            "base_quat": [
                1.0,
                0.0,
                0.0,
                1.0
            ],
            "type": "ur5_gripper",
            "start_pose": [
                -0.21073313331142707,
                -0.22860860575609898,
                -1.8089660490769282,
                0.32711371021282076,
                1.4639055412775743,
                1.5089905082041248
            ]
        }
    ]
}