{
    "robots": [
        {
            "base_pos": [
                -0.4,
                -0.3,
                0.0
            ],
            "base_quat": [
                1.0,
                0.0,
                0.0,
                1.0
            ],
            "type": "ur5_gripper",
            "start_pose": [
                2.121046556599856,
                -0.4281777823668264,
                -1.6074519377455998,
                0.5280279645876889,
                1.6010613803641314,
                2.0285566535428523
            ]
        },
        {
            "base_pos": [
                0.4,
                -0.3,
                0.0
            ],
            "base_quat": [
                1.0,
                0.0,
                0.0,
                1.0
            ],
            "type": "ur5_gripper",
            "start_pose": [
                4.440892098500626e-16,
                0.5000000000000003,
                -1.1999999999999984,
                -4.440892098500626e-16,
                1.5700000000000003,
                1.5700000000000003
            ]
        }
    ]
}